{
    "name": "Split Purple VIAL",
    "vendorId": "0xB00B",
    "productId": "0x0014",
    "lighting": "none",
    "matrix": {
        "rows": 8,
        "cols": 7
    },
    "layouts": {
        "keymap":
[
  [
    {
      "x": 3
    },
    "0.3",
    {
      "x": 7.75
    },
    "4.3"
  ],
  [
    {
      "y": -0.87,
      "x": 2
    },
    "0.2",
    {
      "x": 9.75
    },
    "4.4"
  ],
  [
    {
      "y": -0.8799999999999999,
      "x": 4
    },
    "0.4",
    {
      "x": 5.75
    },
    "4.2"
  ],
  [
    {
      "y": -0.75,
      "x": 5
    },
    "0.5",
    {
      "x": 3.75
    },
    "4.1"
  ],
  [
    {
      "y": -0.75,
      "x": 6
    },
    "0.6",
    {
      "x": 1.75
    },
    "4.0"
  ],
  [
    {
      "y": -0.87
    },
    "0.0",
    "0.1",
    {
      "x": 11.75
    },
    "4.5",
    "4.6"
  ],
  [
    {
      "y": -0.8799999999999999,
      "x": 3
    },
    "1.3",
    {
      "x": 7.75
    },
    "5.3"
  ],
  [
    {
      "y": -0.8700000000000001,
      "x": 2
    },
    "1.2",
    {
      "x": 9.75
    },
    "5.4"
  ],
  [
    {
      "y": -0.8799999999999999,
      "x": 4
    },
    "1.4",
    {
      "x": 5.75
    },
    "5.2"
  ],
  [
    {
      "y": -0.75,
      "x": 5
    },
    "1.5",
    {
      "x": 3.75
    },
    "5.1"
  ],
  [
    {
      "y": -0.75,
      "x": 6
    },
    "1.6",
    {
      "x": 1.75
    },
    "5.0"
  ],
  [
    {
      "y": -0.8700000000000001
    },
    "1.0",
    "1.1",
    {
      "x": 11.75
    },
    "5.5",
    "5.5"
  ],
  [
    {
      "y": -0.8799999999999999,
      "x": 3
    },
    "2.3",
    {
      "x": 7.75
    },
    "6.3"
  ],
  [
    {
      "y": -0.8700000000000001,
      "x": 2
    },
    "2.2",
    {
      "x": 9.75
    },
    "6.4"
  ],
  [
    {
      "y": -0.8799999999999999,
      "x": 4
    },
    "2.4",
    {
      "x": 5.75
    },
    "6.2"
  ],
  [
    {
      "y": -0.75,
      "x": 5
    },
    "2.5",
    {
      "x": 3.75
    },
    "6.1"
  ],
  [
    {
      "y": -0.75,
      "x": 6
    },
    "2.6",
    {
      "x": 1.75
    },
    "6.0"
  ],
  [
    {
      "y": -0.8700000000000001
    },
    "2.0",
    "2.1",
    {
      "x": 11.75
    },
    "6.5",
    "6.6"
  ],
  [
    {
      "x": 3.5
    },
    "3.3",
    "3.4",
    "3.5",
    "3.6",
    {
      "x": 0.75
    },
    "7.0",
    "7.1",
    "7.2",
    "7.3"
  ]
]
    }
}
